Asset,Daily Volatility,Annual Volatility,Sharpe Ratio,Beta (vs BTC)
BTC,0.021718627875611227,0.3447725290585342,-0.005106697967324016,1.0
ETH,0.03896852541427102,0.6186061632303682,-0.0034841147431330494,1.4795189443761207
SOL,0.04462570080422054,0.7084110384596559,-0.022829572827899852,1.6514946506825552
ADA,0.0539950982800737,0.8571456123933985,-0.043698800756609396,1.9644228421482104
DOGE,0.04886498582959796,0.7757076019428687,-0.04786175880095221,1.819694146072048
